url_path,views_total,views_unique
/L2S-lab/natnet_ros_cpp,60,33
/L2S-lab/natnet_ros_cpp/blob/main/README.md,3,2
/L2S-lab/natnet_ros_cpp/blob/main/img/ui-1.png,2,2
/L2S-lab/natnet_ros_cpp/tree/main,2,2
/L2S-lab/natnet_ros_cpp/blob/main/launch/natnet_ros.launch,2,1
/L2S-lab/natnet_ros_cpp/tree/main/launch,2,1
/L2S-lab/natnet_ros_cpp/blob/abdde999bab48e52c28e3a3c4db833552d50b309/include/natnet_ros_cpp/nn_filter.h,1,1
/L2S-lab/natnet_ros_cpp/discussions,1,1
/L2S-lab/natnet_ros_cpp/edit/main/README.md,1,1
/L2S-lab/natnet_ros_cpp/issues,1,1
